temp,dataset,model,harness,method,speedup,tau,tps,n
0.0,gsm8k,Qwen3-8B,baseline_ddtree_caddtree,AR,1.0,1.0,15.49282155550288,50.0
0.0,math500,Qwen3-8B,baseline_ddtree_caddtree,AR,1.0,1.0,15.449483090829068,50.0
0.0,aime25,Qwen3-8B,baseline_ddtree_caddtree,AR,1.0,1.0,15.103490589254148,30.0
0.0,humaneval,Qwen3-8B,baseline_ddtree_caddtree,AR,1.0,1.0,15.331979278007937,50.0
0.0,mbpp,Qwen3-8B,baseline_ddtree_caddtree,AR,1.0,1.0,15.387793614861502,50.0
0.0,livecodebench,Qwen3-8B,baseline_ddtree_caddtree,AR,1.0,1.0,15.279368001701972,50.0
0.0,mt-bench,Qwen3-8B,baseline_ddtree_caddtree,AR,1.0,1.0,15.432196941030016,100.0
0.0,alpaca,Qwen3-8B,baseline_ddtree_caddtree,AR,1.0,1.0,15.707060967886315,50.0
0.0,gsm8k,Qwen3-8B,baseline_ddtree_caddtree,DFlash,4.862908118158456,6.582718859223288,75.34016771543529,50.0
0.0,math500,Qwen3-8B,baseline_ddtree_caddtree,DFlash,5.7249015617166,7.767527067581833,88.44676987440154,50.0
0.0,aime25,Qwen3-8B,baseline_ddtree_caddtree,DFlash,5.2820605483308185,7.252835101530592,79.77755178358512,30.0
0.0,humaneval,Qwen3-8B,baseline_ddtree_caddtree,DFlash,4.872989093897416,6.635098642065278,74.71256780959385,50.0
0.0,mbpp,Qwen3-8B,baseline_ddtree_caddtree,DFlash,4.458077031329627,6.028086219513599,68.59996927725476,50.0
0.0,livecodebench,Qwen3-8B,baseline_ddtree_caddtree,DFlash,5.240809120879799,7.285109588801584,80.07625118459865,50.0
0.0,mt-bench,Qwen3-8B,baseline_ddtree_caddtree,DFlash,3.0625522733524475,4.273216774132838,47.26190982457416,100.0
0.0,alpaca,Qwen3-8B,baseline_ddtree_caddtree,DFlash,2.2056540307128176,3.1265807418831724,34.64434233447042,50.0
0.0,gsm8k,Qwen3-8B,baseline_ddtree_caddtree,DDTree@16,5.067791003983414,7.421509469606803,78.51438170529782,50.0
0.0,math500,Qwen3-8B,baseline_ddtree_caddtree,DDTree@16,5.888370184161129,8.651951194544754,90.97227559273941,50.0
0.0,aime25,Qwen3-8B,baseline_ddtree_caddtree,DDTree@16,5.1082334772490015,7.6848619955600945,77.15215625134329,30.0
0.0,humaneval,Qwen3-8B,baseline_ddtree_caddtree,DDTree@16,5.116858427410915,7.578726692106493,78.45156737756443,50.0
0.0,mbpp,Qwen3-8B,baseline_ddtree_caddtree,DDTree@16,4.548067112717098,6.7882398532469495,69.98471807702975,50.0
0.0,livecodebench,Qwen3-8B,baseline_ddtree_caddtree,DDTree@16,5.478709620927568,8.218645478898429,83.71122047261743,50.0
0.0,mt-bench,Qwen3-8B,baseline_ddtree_caddtree,DDTree@16,3.313683197017102,5.013254688114421,51.13741169654988,100.0
0.0,alpaca,Qwen3-8B,baseline_ddtree_caddtree,DDTree@16,2.5989133329777427,3.939696905556405,40.821290171334034,50.0
0.0,gsm8k,Qwen3-8B,baseline_ddtree_caddtree,CaDDTree,5.066692382755895,7.414822539515617,78.49736096266278,50.0
0.0,math500,Qwen3-8B,baseline_ddtree_caddtree,CaDDTree,5.88851120987601,8.651492047878332,90.97445436713683,50.0
0.0,aime25,Qwen3-8B,baseline_ddtree_caddtree,CaDDTree,5.121041964130064,7.7010847286330995,77.345609112414,30.0
0.0,humaneval,Qwen3-8B,baseline_ddtree_caddtree,CaDDTree,5.113081716354512,7.583990213318438,78.39366292190863,50.0
0.0,mbpp,Qwen3-8B,baseline_ddtree_caddtree,CaDDTree,4.563226859817871,6.7882398532469495,70.21799313666995,50.0
0.0,livecodebench,Qwen3-8B,baseline_ddtree_caddtree,CaDDTree,5.49787343281657,8.218645478898429,84.00403140678488,50.0
0.0,mt-bench,Qwen3-8B,baseline_ddtree_caddtree,CaDDTree,3.324897185598004,5.018447148431882,51.31046817682483,100.0
0.0,alpaca,Qwen3-8B,baseline_ddtree_caddtree,CaDDTree,2.6007159269381304,3.939696905556405,40.849603624570186,50.0
0.0,gsm8k,Qwen3-8B,domino_official,Domino,7.385956953747175,10.110733616442676,124.08970327293058,49.0
0.0,math500,Qwen3-8B,domino_official,Domino,6.9434877703374855,9.16759902759072,114.42507336480163,49.0
0.0,aime25,Qwen3-8B,domino_official,Domino,5.70109596464677,7.630051185701701,94.4746906047558,29.0
0.0,humaneval,Qwen3-8B,domino_official,Domino,5.823293214522145,7.73069902412534,97.62948445606236,49.0
0.0,mbpp,Qwen3-8B,domino_official,Domino,5.334283180410595,7.128648914227028,90.25048463632169,49.0
0.0,livecodebench,Qwen3-8B,domino_official,Domino,5.916705065263573,7.6096929294609295,96.36235867246894,49.0
0.0,mt-bench,Qwen3-8B,domino_official,Domino,3.9042529945985716,5.172344820120177,64.57274707687193,98.0
0.0,alpaca,Qwen3-8B,domino_official,Domino,2.999187570409824,4.079962496075149,50.250099885519795,49.0
0.0,gsm8k,Qwen3-8B,dominotree,DominoTree (16),7.315283334051533,10.52699457354634,122.90233262452641,50.0
0.0,math500,Qwen3-8B,dominotree,DominoTree (16),7.105313978991719,10.040197874300967,117.09188526252149,50.0
0.0,aime25,Qwen3-8B,dominotree,DominoTree (16),5.986623976716933,8.40627375779703,99.20626691334562,30.0
0.0,humaneval,Qwen3-8B,dominotree,DominoTree (16),5.921998714825476,8.488354104982157,99.28431562334072,50.0
0.0,mbpp,Qwen3-8B,dominotree,DominoTree (16),5.584497632438896,8.025737537872827,94.48385110653363,50.0
0.0,livecodebench,Qwen3-8B,dominotree,DominoTree (16),6.070438273465322,8.298152647650086,98.86613305114778,50.0
0.0,mt-bench,Qwen3-8B,dominotree,DominoTree (16),4.300608476359754,6.011442462741822,71.12810153563903,100.0
0.0,alpaca,Qwen3-8B,dominotree,DominoTree (16),3.3683851165935597,4.885193959462811,56.43584623771825,50.0
0.5,gsm8k,Qwen3-8B,baseline_ddtree_caddtree,AR,1.0,1.0,15.49282155550288,50.0
0.5,math500,Qwen3-8B,baseline_ddtree_caddtree,AR,1.0,1.0,15.449483090829068,50.0
0.5,aime25,Qwen3-8B,baseline_ddtree_caddtree,AR,1.0,1.0,15.103490589254148,30.0
0.5,humaneval,Qwen3-8B,baseline_ddtree_caddtree,AR,1.0,1.0,15.331979278007937,50.0
0.5,mbpp,Qwen3-8B,baseline_ddtree_caddtree,AR,1.0,1.0,15.387793614861502,50.0
0.5,livecodebench,Qwen3-8B,baseline_ddtree_caddtree,AR,1.0,1.0,15.279368001701972,50.0
0.5,mt-bench,Qwen3-8B,baseline_ddtree_caddtree,AR,1.0,1.0,15.432196941030016,100.0
0.5,alpaca,Qwen3-8B,baseline_ddtree_caddtree,AR,1.0,1.0,15.707060967886315,50.0
0.5,gsm8k,Qwen3-8B,baseline_ddtree_caddtree,DFlash,5.21441824479251,6.311676475277609,80.78605138232889,50.0
0.5,math500,Qwen3-8B,baseline_ddtree_caddtree,DFlash,6.20797082433119,7.463743278724828,95.90994027886491,50.0
0.5,aime25,Qwen3-8B,baseline_ddtree_caddtree,DFlash,5.2066356133102145,6.225662358178847,78.63837198730633,30.0
0.5,humaneval,Qwen3-8B,baseline_ddtree_caddtree,DFlash,5.258632068168719,6.276112844362218,80.62523789983082,50.0
0.5,mbpp,Qwen3-8B,baseline_ddtree_caddtree,DFlash,4.728035199612249,5.68116676554899,72.75402985543379,50.0
0.5,livecodebench,Qwen3-8B,baseline_ddtree_caddtree,DFlash,6.07172782255175,7.279849869931414,92.7721638069408,50.0
0.5,mt-bench,Qwen3-8B,baseline_ddtree_caddtree,DFlash,3.3874670771229343,4.1739596571526665,52.27605906541643,100.0
0.5,alpaca,Qwen3-8B,baseline_ddtree_caddtree,DFlash,2.461415497069944,3.0686802591295277,38.66160327977781,50.0
0.5,gsm8k,Qwen3-8B,baseline_ddtree_caddtree,DDTree@16,5.744317417774325,7.26647671551891,88.9956847117447,50.0
0.5,math500,Qwen3-8B,baseline_ddtree_caddtree,DDTree@16,6.539526270867945,8.2253843235077,101.0323005438068,50.0
0.5,aime25,Qwen3-8B,baseline_ddtree_caddtree,DDTree@16,5.60470388584938,6.951214087468656,84.65059239548228,30.0
0.5,humaneval,Qwen3-8B,baseline_ddtree_caddtree,DDTree@16,5.9965222332121035,7.496959514904022,91.93855461972186,50.0
0.5,mbpp,Qwen3-8B,baseline_ddtree_caddtree,DDTree@16,5.398896509486146,6.72320622680239,83.07710523596897,50.0
0.5,livecodebench,Qwen3-8B,baseline_ddtree_caddtree,DDTree@16,6.405142533520712,7.941448364500351,97.86652987301666,50.0
0.5,mt-bench,Qwen3-8B,baseline_ddtree_caddtree,DDTree@16,3.872615084206208,4.951632947379305,59.76295865627374,100.0
0.5,alpaca,Qwen3-8B,baseline_ddtree_caddtree,DDTree@16,3.0274976922566488,3.9046752896544934,47.553090832410305,50.0
0.5,gsm8k,Qwen3-8B,baseline_ddtree_caddtree,CaDDTree,5.761076014254697,7.264321713613502,89.2553226565358,50.0
0.5,math500,Qwen3-8B,baseline_ddtree_caddtree,CaDDTree,6.512071080508753,8.262662946074729,100.60813204459696,50.0
0.5,aime25,Qwen3-8B,baseline_ddtree_caddtree,CaDDTree,5.647533991080826,7.0160449505212386,85.29747648678219,30.0
0.5,humaneval,Qwen3-8B,baseline_ddtree_caddtree,CaDDTree,5.953380229909342,7.474790231422527,91.27710231907217,50.0
0.5,mbpp,Qwen3-8B,baseline_ddtree_caddtree,CaDDTree,5.361608350899463,6.6904092185702435,82.50332274735887,50.0
0.5,livecodebench,Qwen3-8B,baseline_ddtree_caddtree,CaDDTree,6.563251204439168,8.197652812917013,100.28233044023975,50.0
0.5,mt-bench,Qwen3-8B,baseline_ddtree_caddtree,CaDDTree,3.935772597752577,5.020565106450837,60.73761784362708,100.0
0.5,alpaca,Qwen3-8B,baseline_ddtree_caddtree,CaDDTree,3.019327153022345,3.8802681234176015,47.42475567451659,50.0
0.5,gsm8k,Qwen3-8B,domino_official,Domino,6.7380177893265545,9.126442506105946,113.20383172570011,49.0
0.5,math500,Qwen3-8B,domino_official,Domino,6.532098186111067,8.686649161114145,107.64558661208929,49.0
0.5,aime25,Qwen3-8B,domino_official,Domino,4.961048014137814,6.646623944215014,82.21111854938714,29.0
0.5,humaneval,Qwen3-8B,domino_official,Domino,5.189635497029632,7.0213689159857715,87.00599805387957,49.0
0.5,mbpp,Qwen3-8B,domino_official,Domino,4.9966288690221505,6.929704848738178,84.53772732447516,49.0
0.5,livecodebench,Qwen3-8B,domino_official,Domino,5.843446551275598,7.4704118464116265,95.16923460715661,49.0
0.5,mt-bench,Qwen3-8B,domino_official,Domino,3.5551962717009316,4.834364823481086,58.79967050772184,98.0
0.5,alpaca,Qwen3-8B,domino_official,Domino,2.808103735367133,3.915343842569092,47.04857228113214,49.0
0.5,gsm8k,Qwen3-8B,dominotree,DominoTree (16),7.040698109046598,10.155712211308094,118.28909167181456,50.0
0.5,math500,Qwen3-8B,dominotree,DominoTree (16),6.635029891794593,9.334033431493014,109.34184767914509,50.0
0.5,aime25,Qwen3-8B,dominotree,DominoTree (16),5.362499100077367,7.62212360488533,88.86369331260329,30.0
0.5,humaneval,Qwen3-8B,dominotree,DominoTree (16),5.402874380895663,7.737844999153452,90.58102021589431,50.0
0.5,mbpp,Qwen3-8B,dominotree,DominoTree (16),5.384549173896057,7.691034217423146,91.10093260081088,50.0
0.5,livecodebench,Qwen3-8B,dominotree,DominoTree (16),5.683539272373286,8.060342100431646,92.56490628692511,50.0
0.5,mt-bench,Qwen3-8B,dominotree,DominoTree (16),4.0556250476606275,5.682865741725837,67.07630135739774,100.0
0.5,alpaca,Qwen3-8B,dominotree,DominoTree (16),3.188183111905551,4.579086360759234,53.41663902824519,50.0
1.0,gsm8k,Qwen3-8B,baseline_ddtree_caddtree,AR,1.0,1.0,15.49282155550288,50.0
1.0,math500,Qwen3-8B,baseline_ddtree_caddtree,AR,1.0,1.0,15.449483090829068,50.0
1.0,aime25,Qwen3-8B,baseline_ddtree_caddtree,AR,1.0,1.0,15.103490589254148,30.0
1.0,humaneval,Qwen3-8B,baseline_ddtree_caddtree,AR,1.0,1.0,15.331979278007937,50.0
1.0,mbpp,Qwen3-8B,baseline_ddtree_caddtree,AR,1.0,1.0,15.387793614861502,50.0
1.0,livecodebench,Qwen3-8B,baseline_ddtree_caddtree,AR,1.0,1.0,15.279368001701972,50.0
1.0,mt-bench,Qwen3-8B,baseline_ddtree_caddtree,AR,1.0,1.0,15.432196941030016,100.0
1.0,alpaca,Qwen3-8B,baseline_ddtree_caddtree,AR,1.0,1.0,15.707060967886315,50.0
1.0,gsm8k,Qwen3-8B,baseline_ddtree_caddtree,DFlash,4.884870085970539,6.009355983118195,75.68042056375558,50.0
1.0,math500,Qwen3-8B,baseline_ddtree_caddtree,DFlash,5.393117941986623,6.576140594709425,83.3208844515692,50.0
1.0,aime25,Qwen3-8B,baseline_ddtree_caddtree,DFlash,3.938003522456198,4.721528208658786,59.477599141866875,30.0
1.0,humaneval,Qwen3-8B,baseline_ddtree_caddtree,DFlash,4.601385232911762,5.668942881150868,70.54834304113487,50.0
1.0,mbpp,Qwen3-8B,baseline_ddtree_caddtree,DFlash,4.463272369841063,5.372666919816884,68.67991407402806,50.0
1.0,livecodebench,Qwen3-8B,baseline_ddtree_caddtree,DFlash,5.536871187042175,6.58776958768432,84.59989244483782,50.0
1.0,mt-bench,Qwen3-8B,baseline_ddtree_caddtree,DFlash,3.1577966522121463,3.8891557239105143,48.73173983666311,100.0
1.0,alpaca,Qwen3-8B,baseline_ddtree_caddtree,DFlash,2.487808950854599,3.0781662801187526,39.076166867526474,50.0
1.0,gsm8k,Qwen3-8B,baseline_ddtree_caddtree,DDTree@16,5.2834595328039935,6.769100275089508,81.85569573745289,50.0
1.0,math500,Qwen3-8B,baseline_ddtree_caddtree,DDTree@16,5.884986281930761,7.470476203125595,90.91999605245032,50.0
1.0,aime25,Qwen3-8B,baseline_ddtree_caddtree,DDTree@16,4.675907207109762,5.808690485039526,70.62252049880793,30.0
1.0,humaneval,Qwen3-8B,baseline_ddtree_caddtree,DDTree@16,5.218946911229853,6.63490355006076,80.01678589599963,50.0
1.0,mbpp,Qwen3-8B,baseline_ddtree_caddtree,DDTree@16,5.032665913619469,6.340557898388033,77.4416244113248,50.0
1.0,livecodebench,Qwen3-8B,baseline_ddtree_caddtree,DDTree@16,6.160945736856432,7.626810505745143,94.13535715194634,50.0
1.0,mt-bench,Qwen3-8B,baseline_ddtree_caddtree,DDTree@16,3.589370524515657,4.5595418103449985,55.391872828653824,100.0
1.0,alpaca,Qwen3-8B,baseline_ddtree_caddtree,DDTree@16,2.892471734969569,3.7142853608625,45.43222988905493,50.0
1.0,gsm8k,Qwen3-8B,baseline_ddtree_caddtree,CaDDTree,5.2056249689349805,6.656881304627652,80.64981872857987,50.0
1.0,math500,Qwen3-8B,baseline_ddtree_caddtree,CaDDTree,5.907209339199402,7.412252910528496,91.2633307999487,50.0
1.0,aime25,Qwen3-8B,baseline_ddtree_caddtree,CaDDTree,4.734621328696153,5.91099989233642,71.50930868164431,30.0
1.0,humaneval,Qwen3-8B,baseline_ddtree_caddtree,CaDDTree,5.061357899516627,6.4618441757742815,77.6006344339707,50.0
1.0,mbpp,Qwen3-8B,baseline_ddtree_caddtree,CaDDTree,4.991140136231742,6.259890950537017,76.80263431918577,50.0
1.0,livecodebench,Qwen3-8B,baseline_ddtree_caddtree,CaDDTree,6.1814911115539255,7.689868476909343,94.4492774926822,50.0
1.0,mt-bench,Qwen3-8B,baseline_ddtree_caddtree,CaDDTree,3.5700872358863958,4.544275103282685,55.09428932085634,100.0
1.0,alpaca,Qwen3-8B,baseline_ddtree_caddtree,CaDDTree,2.865392500789924,3.679204723096605,45.006894706831574,50.0
1.0,gsm8k,Qwen3-8B,domino_official,Domino,5.9885681234379335,8.041268324984577,100.61250642547155,49.0
1.0,math500,Qwen3-8B,domino_official,Domino,5.654851669815226,7.313509556160583,93.18901949390606,49.0
1.0,aime25,Qwen3-8B,domino_official,Domino,3.4542484403675178,4.652569980010793,57.24145930876309,29.0
1.0,humaneval,Qwen3-8B,domino_official,Domino,4.5096915554653565,6.02104652539384,75.60650741713847,49.0
1.0,mbpp,Qwen3-8B,domino_official,Domino,4.432173545327918,5.926247852595767,74.98773442082972,49.0
1.0,livecodebench,Qwen3-8B,domino_official,Domino,5.358042224101645,6.789623758800512,87.26370182153326,49.0
1.0,mt-bench,Qwen3-8B,domino_official,Domino,3.1656800009655393,4.148515862201476,52.35743029754075,98.0
1.0,alpaca,Qwen3-8B,domino_official,Domino,2.5023385033544288,3.337570120192149,41.92560711491614,49.0
1.0,gsm8k,Qwen3-8B,dominotree,DominoTree (16),6.071541922499088,8.915416075198225,102.00652945720648,50.0
1.0,math500,Qwen3-8B,dominotree,DominoTree (16),5.521508715796818,7.721158497351225,90.99159684394954,50.0
1.0,aime25,Qwen3-8B,dominotree,DominoTree (16),4.0705602612727745,5.778106956530172,67.45456025586938,30.0
1.0,humaneval,Qwen3-8B,dominotree,DominoTree (16),4.882552125740675,6.914585540734956,81.8576412530911,50.0
1.0,mbpp,Qwen3-8B,dominotree,DominoTree (16),4.6464389734142,6.809971535271569,78.61288105657835,50.0
1.0,livecodebench,Qwen3-8B,dominotree,DominoTree (16),5.43870254282064,7.546243749651796,88.57737530657273,50.0
1.0,mt-bench,Qwen3-8B,dominotree,DominoTree (16),3.5612885002300514,5.021017453379453,58.90043035409696,100.0
1.0,alpaca,Qwen3-8B,dominotree,DominoTree (16),2.8949767804589355,4.212083170552343,48.50409284819885,50.0
