timestamp,index,utilization.gpu [%],memory.used [MiB]
2026-09-28T01:46:17+08:00,0, 2 %, 1121 MiB
2026-09-28T01:46:17+08:00,1, 0 %, 15 MiB
2026-09-28T01:46:47+08:00,0, 0 %, 1121 MiB
2026-09-28T01:46:47+08:00,1, 97 %, 10444 MiB
2026-09-28T01:47:17+08:00,0, 3 %, 1121 MiB
2026-09-28T01:47:17+08:00,1, 97 %, 10446 MiB
2026-09-28T01:47:47+08:00,0, 3 %, 1121 MiB
2026-09-28T01:47:47+08:00,1, 97 %, 10474 MiB
2026-09-28T01:48:17+08:00,0, 15 %, 1121 MiB
2026-09-28T01:48:17+08:00,1, 96 %, 10474 MiB
2026-09-28T01:48:47+08:00,0, 3 %, 1121 MiB
2026-09-28T01:48:47+08:00,1, 96 %, 10474 MiB
2026-09-28T01:49:17+08:00,0, 3 %, 1121 MiB
2026-09-28T01:49:17+08:00,1, 96 %, 10474 MiB
2026-09-28T01:49:47+08:00,0, 3 %, 1121 MiB
2026-09-28T01:49:47+08:00,1, 93 %, 10582 MiB
2026-09-28T01:50:17+08:00,0, 30 %, 1121 MiB
2026-09-28T01:50:17+08:00,1, 98 %, 9514 MiB
2026-09-28T01:50:47+08:00,0, 3 %, 1121 MiB
2026-09-28T01:50:47+08:00,1, 0 %, 10240 MiB
2026-09-28T01:51:17+08:00,0, 5 %, 1121 MiB
2026-09-28T01:51:17+08:00,1, 96 %, 10518 MiB
2026-09-28T01:51:47+08:00,0, 5 %, 1121 MiB
2026-09-28T01:51:47+08:00,1, 94 %, 10596 MiB
2026-09-28T01:52:17+08:00,0, 3 %, 1121 MiB
2026-09-28T01:52:17+08:00,1, 97 %, 9522 MiB
2026-09-28T01:52:47+08:00,0, 45 %, 1121 MiB
2026-09-28T01:52:47+08:00,1, 0 %, 9148 MiB
2026-09-28T01:53:17+08:00,0, 5 %, 1121 MiB
2026-09-28T01:53:17+08:00,1, 96 %, 10562 MiB
2026-09-28T01:53:47+08:00,0, 3 %, 1121 MiB
2026-09-28T01:53:47+08:00,1, 92 %, 10608 MiB
2026-09-28T01:54:17+08:00,0, 51 %, 1121 MiB
2026-09-28T01:54:17+08:00,1, 97 %, 9536 MiB
2026-09-28T01:54:47+08:00,0, 4 %, 1121 MiB
2026-09-28T01:54:47+08:00,1, 96 %, 9538 MiB
2026-09-28T01:55:17+08:00,0, 3 %, 1121 MiB
2026-09-28T01:55:17+08:00,1, 97 %, 10530 MiB
2026-09-28T01:55:47+08:00,0, 40 %, 1121 MiB
2026-09-28T01:55:47+08:00,1, 97 %, 10602 MiB
2026-09-28T01:56:18+08:00,0, 3 %, 1121 MiB
2026-09-28T01:56:18+08:00,1, 97 %, 10462 MiB
2026-09-28T01:56:48+08:00,0, 0 %, 1121 MiB
2026-09-28T01:56:48+08:00,1, 96 %, 10636 MiB
2026-09-28T01:57:18+08:00,0, 3 %, 1121 MiB
2026-09-28T01:57:18+08:00,1, 97 %, 10642 MiB
2026-09-28T01:57:48+08:00,0, 3 %, 1121 MiB
2026-09-28T01:57:48+08:00,1, 96 %, 10642 MiB
2026-09-28T01:58:18+08:00,0, 3 %, 1121 MiB
2026-09-28T01:58:18+08:00,1, 97 %, 10762 MiB
2026-09-28T01:58:48+08:00,0, 24 %, 1121 MiB
2026-09-28T01:58:48+08:00,1, 97 %, 10762 MiB
2026-09-28T01:59:18+08:00,0, 0 %, 1121 MiB
2026-09-28T01:59:18+08:00,1, 97 %, 10762 MiB
2026-09-28T01:59:48+08:00,0, 3 %, 1121 MiB
2026-09-28T01:59:48+08:00,1, 97 %, 10762 MiB
2026-09-28T02:00:18+08:00,0, 0 %, 39 MiB
2026-09-28T02:00:18+08:00,1, 98 %, 10762 MiB
2026-09-28T02:00:48+08:00,0, 0 %, 39 MiB
2026-09-28T02:00:48+08:00,1, 98 %, 10762 MiB
2026-09-28T02:01:19+08:00,0, 0 %, 39 MiB
2026-09-28T02:01:19+08:00,1, 98 %, 10762 MiB
2026-09-28T02:01:49+08:00,0, 0 %, 39 MiB
2026-09-28T02:01:49+08:00,1, 97 %, 10762 MiB
2026-09-28T02:02:19+08:00,0, 4 %, 437 MiB
2026-09-28T02:02:19+08:00,1, 97 %, 10762 MiB
2026-09-28T02:02:49+08:00,0, 50 %, 1121 MiB
2026-09-28T02:02:49+08:00,1, 97 %, 10762 MiB
2026-09-28T02:03:19+08:00,0, 53 %, 1121 MiB
2026-09-28T02:03:19+08:00,1, 97 %, 10762 MiB
2026-09-28T02:03:49+08:00,0, 36 %, 1121 MiB
2026-09-28T02:03:49+08:00,1, 97 %, 10762 MiB
2026-09-28T02:04:19+08:00,0, 46 %, 1121 MiB
2026-09-28T02:04:19+08:00,1, 91 %, 10820 MiB
2026-09-28T02:04:49+08:00,0, 4 %, 1121 MiB
2026-09-28T02:04:49+08:00,1, 95 %, 10952 MiB
2026-09-28T02:05:19+08:00,0, 5 %, 1121 MiB
2026-09-28T02:05:19+08:00,1, 94 %, 10960 MiB
2026-09-28T02:05:49+08:00,0, 4 %, 1121 MiB
2026-09-28T02:05:49+08:00,1, 98 %, 9652 MiB
2026-09-28T02:06:19+08:00,0, 29 %, 1121 MiB
2026-09-28T02:06:19+08:00,1, 98 %, 9874 MiB
2026-09-28T02:06:49+08:00,0, 5 %, 1121 MiB
2026-09-28T02:06:49+08:00,1, 96 %, 9878 MiB
2026-09-28T02:07:19+08:00,0, 4 %, 1121 MiB
2026-09-28T02:07:19+08:00,1, 98 %, 9898 MiB
2026-09-28T02:07:49+08:00,0, 3 %, 1121 MiB
2026-09-28T02:07:49+08:00,1, 97 %, 10730 MiB
2026-09-28T02:08:19+08:00,0, 37 %, 1121 MiB
2026-09-28T02:08:19+08:00,1, 98 %, 10896 MiB
2026-09-28T02:08:49+08:00,0, 3 %, 1121 MiB
2026-09-28T02:08:49+08:00,1, 97 %, 10896 MiB
2026-09-28T02:09:19+08:00,0, 17 %, 1121 MiB
2026-09-28T02:09:19+08:00,1, 94 %, 10624 MiB
2026-09-28T02:09:49+08:00,0, 35 %, 1121 MiB
2026-09-28T02:09:49+08:00,1, 95 %, 10952 MiB
2026-09-28T02:10:19+08:00,0, 5 %, 1121 MiB
2026-09-28T02:10:19+08:00,1, 93 %, 10970 MiB
2026-09-28T02:10:49+08:00,0, 3 %, 1121 MiB
2026-09-28T02:10:49+08:00,1, 0 %, 15 MiB
2026-09-28T02:11:19+08:00,0, 50 %, 1121 MiB
2026-09-28T02:11:19+08:00,1, 98 %, 9726 MiB
2026-09-28T02:11:49+08:00,0, 6 %, 1121 MiB
2026-09-28T02:11:49+08:00,1, 98 %, 9838 MiB
2026-09-28T02:12:19+08:00,0, 11 %, 1121 MiB
2026-09-28T02:12:19+08:00,1, 97 %, 9874 MiB
2026-09-28T02:12:49+08:00,0, 5 %, 1121 MiB
2026-09-28T02:12:49+08:00,1, 98 %, 9874 MiB
2026-09-28T02:13:19+08:00,0, 54 %, 1121 MiB
2026-09-28T02:13:19+08:00,1, 98 %, 10736 MiB
2026-09-28T02:13:49+08:00,0, 3 %, 1121 MiB
2026-09-28T02:13:49+08:00,1, 98 %, 10880 MiB
2026-09-28T02:14:19+08:00,0, 0 %, 1121 MiB
2026-09-28T02:14:19+08:00,1, 98 %, 10880 MiB
2026-09-28T02:14:49+08:00,0, 4 %, 1121 MiB
2026-09-28T02:14:49+08:00,1, 99 %, 10880 MiB
2026-09-28T02:15:20+08:00,0, 5 %, 1121 MiB
2026-09-28T02:15:20+08:00,1, 94 %, 10764 MiB
2026-09-28T02:15:50+08:00,0, 4 %, 1121 MiB
2026-09-28T02:15:50+08:00,1, 94 %, 10958 MiB
2026-09-28T02:16:20+08:00,0, 4 %, 1121 MiB
2026-09-28T02:16:20+08:00,1, 95 %, 10958 MiB
2026-09-28T02:16:50+08:00,0, 3 %, 1121 MiB
2026-09-28T02:16:50+08:00,1, 96 %, 11030 MiB
2026-09-28T02:17:20+08:00,0, 4 %, 1121 MiB
2026-09-28T02:17:20+08:00,1, 99 %, 9772 MiB
2026-09-28T02:17:50+08:00,0, 39 %, 1121 MiB
2026-09-28T02:17:50+08:00,1, 98 %, 9874 MiB
2026-09-28T02:18:20+08:00,0, 4 %, 1121 MiB
2026-09-28T02:18:20+08:00,1, 98 %, 9874 MiB
2026-09-28T02:18:50+08:00,0, 8 %, 1121 MiB
2026-09-28T02:18:50+08:00,1, 99 %, 9874 MiB
2026-09-28T02:19:20+08:00,0, 3 %, 1121 MiB
2026-09-28T02:19:20+08:00,1, 98 %, 9874 MiB
2026-09-28T02:19:50+08:00,0, 10 %, 1121 MiB
2026-09-28T02:19:50+08:00,1, 99 %, 9874 MiB
2026-09-28T02:20:20+08:00,0, 3 %, 1121 MiB
2026-09-28T02:20:20+08:00,1, 95 %, 10772 MiB
2026-09-28T02:20:50+08:00,0, 34 %, 1121 MiB
2026-09-28T02:20:50+08:00,1, 98 %, 10892 MiB
2026-09-28T02:21:20+08:00,0, 3 %, 1121 MiB
2026-09-28T02:21:20+08:00,1, 98 %, 10892 MiB
2026-09-28T02:21:50+08:00,0, 4 %, 1121 MiB
2026-09-28T02:21:50+08:00,1, 98 %, 10892 MiB
2026-09-28T02:22:20+08:00,0, 4 %, 1121 MiB
2026-09-28T02:22:20+08:00,1, 98 %, 10892 MiB
2026-09-28T02:22:50+08:00,0, 3 %, 1121 MiB
2026-09-28T02:22:50+08:00,1, 97 %, 10376 MiB
2026-09-28T02:23:20+08:00,0, 0 %, 1121 MiB
2026-09-28T02:23:20+08:00,1, 97 %, 11074 MiB
2026-09-28T02:23:50+08:00,0, 6 %, 1121 MiB
2026-09-28T02:23:50+08:00,1, 97 %, 11092 MiB
2026-09-28T02:24:20+08:00,0, 5 %, 1121 MiB
2026-09-28T02:24:20+08:00,1, 97 %, 11092 MiB
2026-09-28T02:24:50+08:00,0, 4 %, 1121 MiB
2026-09-28T02:24:50+08:00,1, 97 %, 11110 MiB
2026-09-28T02:25:20+08:00,0, 3 %, 1121 MiB
2026-09-28T02:25:20+08:00,1, 96 %, 11110 MiB
2026-09-28T02:25:50+08:00,0, 48 %, 1121 MiB
2026-09-28T02:25:50+08:00,1, 97 %, 11110 MiB
2026-09-28T02:26:20+08:00,0, 4 %, 1121 MiB
2026-09-28T02:26:20+08:00,1, 97 %, 11110 MiB
2026-09-28T02:26:50+08:00,0, 4 %, 1121 MiB
2026-09-28T02:26:50+08:00,1, 97 %, 11110 MiB
2026-09-28T02:27:20+08:00,0, 3 %, 1121 MiB
2026-09-28T02:27:20+08:00,1, 97 %, 11110 MiB
2026-09-28T02:27:50+08:00,0, 5 %, 1121 MiB
2026-09-28T02:27:50+08:00,1, 98 %, 11110 MiB
2026-09-28T02:28:20+08:00,0, 19 %, 1121 MiB
2026-09-28T02:28:20+08:00,1, 97 %, 11112 MiB
2026-09-28T02:28:50+08:00,0, 49 %, 1121 MiB
2026-09-28T02:28:50+08:00,1, 97 %, 11112 MiB
2026-09-28T02:29:20+08:00,0, 4 %, 1121 MiB
2026-09-28T02:29:20+08:00,1, 97 %, 11112 MiB
2026-09-28T02:29:50+08:00,0, 3 %, 1121 MiB
2026-09-28T02:29:50+08:00,1, 97 %, 11112 MiB
2026-09-28T02:30:21+08:00,0, 3 %, 1121 MiB
2026-09-28T02:30:21+08:00,1, 98 %, 11112 MiB
2026-09-28T02:30:51+08:00,0, 4 %, 1121 MiB
2026-09-28T02:30:51+08:00,1, 97 %, 11112 MiB
2026-09-28T02:31:21+08:00,0, 4 %, 1121 MiB
2026-09-28T02:31:21+08:00,1, 97 %, 11132 MiB
2026-09-28T02:31:51+08:00,0, 4 %, 1121 MiB
2026-09-28T02:31:51+08:00,1, 97 %, 11132 MiB
2026-09-28T02:32:21+08:00,0, 0 %, 1121 MiB
2026-09-28T02:32:21+08:00,1, 97 %, 11132 MiB
2026-09-28T02:32:51+08:00,0, 5 %, 1121 MiB
2026-09-28T02:32:51+08:00,1, 96 %, 11132 MiB
2026-09-28T02:33:21+08:00,0, 0 %, 1121 MiB
2026-09-28T02:33:21+08:00,1, 98 %, 11132 MiB
2026-09-28T02:33:51+08:00,0, 3 %, 1121 MiB
2026-09-28T02:33:51+08:00,1, 97 %, 11132 MiB
2026-09-28T02:34:21+08:00,0, 3 %, 1121 MiB
2026-09-28T02:34:21+08:00,1, 96 %, 11132 MiB
2026-09-28T02:34:51+08:00,0, 4 %, 1121 MiB
2026-09-28T02:34:51+08:00,1, 96 %, 11132 MiB
2026-09-28T02:35:21+08:00,0, 4 %, 1121 MiB
2026-09-28T02:35:21+08:00,1, 95 %, 11316 MiB
2026-09-28T02:35:51+08:00,0, 6 %, 1121 MiB
2026-09-28T02:35:51+08:00,1, 93 %, 11316 MiB
2026-09-28T02:36:21+08:00,0, 3 %, 1121 MiB
2026-09-28T02:36:21+08:00,1, 94 %, 11316 MiB
2026-09-28T02:36:51+08:00,0, 3 %, 1121 MiB
2026-09-28T02:36:51+08:00,1, 95 %, 11364 MiB
2026-09-28T02:37:21+08:00,0, 41 %, 1121 MiB
2026-09-28T02:37:21+08:00,1, 0 %, 9234 MiB
2026-09-28T02:37:51+08:00,0, 4 %, 1121 MiB
2026-09-28T02:37:51+08:00,1, 98 %, 10022 MiB
2026-09-28T02:38:21+08:00,0, 4 %, 1121 MiB
2026-09-28T02:38:21+08:00,1, 93 %, 10024 MiB
2026-09-28T02:38:51+08:00,0, 4 %, 1121 MiB
2026-09-28T02:38:51+08:00,1, 99 %, 10024 MiB
2026-09-28T02:39:21+08:00,0, 4 %, 1121 MiB
2026-09-28T02:39:21+08:00,1, 96 %, 10024 MiB
2026-09-28T02:39:51+08:00,0, 3 %, 1121 MiB
2026-09-28T02:39:51+08:00,1, 98 %, 10072 MiB
2026-09-28T02:40:21+08:00,0, 3 %, 1121 MiB
2026-09-28T02:40:21+08:00,1, 98 %, 10072 MiB
2026-09-28T02:40:51+08:00,0, 4 %, 1121 MiB
2026-09-28T02:40:51+08:00,1, 98 %, 11026 MiB
2026-09-28T02:41:21+08:00,0, 24 %, 1121 MiB
2026-09-28T02:41:21+08:00,1, 98 %, 11028 MiB
2026-09-28T02:41:51+08:00,0, 4 %, 1121 MiB
2026-09-28T02:41:51+08:00,1, 98 %, 11028 MiB
2026-09-28T02:42:21+08:00,0, 3 %, 1121 MiB
2026-09-28T02:42:21+08:00,1, 98 %, 11028 MiB
2026-09-28T02:42:51+08:00,0, 0 %, 1121 MiB
2026-09-28T02:42:51+08:00,1, 99 %, 11076 MiB
2026-09-28T02:43:21+08:00,0, 0 %, 1121 MiB
2026-09-28T02:43:21+08:00,1, 99 %, 11076 MiB
2026-09-28T02:43:51+08:00,0, 2 %, 1121 MiB
2026-09-28T02:43:51+08:00,1, 0 %, 9204 MiB
2026-09-28T02:44:21+08:00,0, 31 %, 1121 MiB
2026-09-28T02:44:21+08:00,1, 96 %, 11248 MiB
2026-09-28T02:44:51+08:00,0, 46 %, 1121 MiB
2026-09-28T02:44:51+08:00,1, 95 %, 11292 MiB
2026-09-28T02:45:22+08:00,0, 3 %, 1121 MiB
2026-09-28T02:45:22+08:00,1, 82 %, 11292 MiB
2026-09-28T02:45:52+08:00,0, 3 %, 1121 MiB
2026-09-28T02:45:52+08:00,1, 93 %, 11362 MiB
2026-09-28T02:46:22+08:00,0, 4 %, 1121 MiB
2026-09-28T02:46:22+08:00,1, 94 %, 11362 MiB
2026-09-28T02:46:52+08:00,0, 3 %, 1121 MiB
2026-09-28T02:46:52+08:00,1, 98 %, 9724 MiB
2026-09-28T02:47:22+08:00,0, 3 %, 1121 MiB
2026-09-28T02:47:22+08:00,1, 98 %, 10030 MiB
2026-09-28T02:47:52+08:00,0, 3 %, 1121 MiB
2026-09-28T02:47:52+08:00,1, 98 %, 10034 MiB
2026-09-28T02:48:22+08:00,0, 3 %, 1121 MiB
2026-09-28T02:48:22+08:00,1, 97 %, 10034 MiB
2026-09-28T02:48:52+08:00,0, 3 %, 1121 MiB
2026-09-28T02:48:52+08:00,1, 97 %, 10034 MiB
2026-09-28T02:49:22+08:00,0, 3 %, 1121 MiB
2026-09-28T02:49:22+08:00,1, 98 %, 10034 MiB
2026-09-28T02:49:52+08:00,0, 50 %, 1121 MiB
2026-09-28T02:49:52+08:00,1, 98 %, 10082 MiB
2026-09-28T02:50:22+08:00,0, 3 %, 1121 MiB
2026-09-28T02:50:22+08:00,1, 98 %, 10082 MiB
2026-09-28T02:50:52+08:00,0, 3 %, 1121 MiB
2026-09-28T02:50:52+08:00,1, 98 %, 10082 MiB
2026-09-28T02:51:22+08:00,0, 3 %, 1121 MiB
2026-09-28T02:51:22+08:00,1, 98 %, 11030 MiB
2026-09-28T02:51:52+08:00,0, 47 %, 1121 MiB
2026-09-28T02:51:52+08:00,1, 98 %, 11032 MiB
2026-09-28T02:52:22+08:00,0, 3 %, 1121 MiB
2026-09-28T02:52:22+08:00,1, 98 %, 11032 MiB
2026-09-28T02:52:52+08:00,0, 42 %, 1121 MiB
2026-09-28T02:52:52+08:00,1, 97 %, 11032 MiB
2026-09-28T02:53:22+08:00,0, 3 %, 1121 MiB
2026-09-28T02:53:22+08:00,1, 98 %, 11032 MiB
2026-09-28T02:53:52+08:00,0, 0 %, 1121 MiB
2026-09-28T02:53:52+08:00,1, 98 %, 11080 MiB
2026-09-28T02:54:22+08:00,0, 0 %, 1121 MiB
2026-09-28T02:54:22+08:00,1, 98 %, 11080 MiB
2026-09-28T02:54:52+08:00,0, 1 %, 1121 MiB
2026-09-28T02:54:52+08:00,1, 0 %, 9148 MiB
2026-09-28T02:55:22+08:00,0, 8 %, 1121 MiB
2026-09-28T02:55:22+08:00,1, 95 %, 11182 MiB
2026-09-28T02:55:52+08:00,0, 4 %, 1121 MiB
2026-09-28T02:55:52+08:00,1, 96 %, 11182 MiB
2026-09-28T02:56:22+08:00,0, 7 %, 1121 MiB
2026-09-28T02:56:22+08:00,1, 95 %, 11226 MiB
2026-09-28T02:56:52+08:00,0, 0 %, 39 MiB
2026-09-28T02:56:52+08:00,1, 95 %, 11226 MiB
2026-09-28T02:57:22+08:00,0, 0 %, 39 MiB
2026-09-28T02:57:22+08:00,1, 94 %, 11226 MiB
2026-09-28T02:57:52+08:00,0, 0 %, 39 MiB
2026-09-28T02:57:52+08:00,1, 96 %, 11362 MiB
2026-09-28T02:58:22+08:00,0, 0 %, 39 MiB
2026-09-28T02:58:22+08:00,1, 95 %, 11362 MiB
2026-09-28T02:58:52+08:00,0, 0 %, 39 MiB
2026-09-28T02:58:52+08:00,1, 0 %, 9148 MiB
2026-09-28T02:59:23+08:00,0, 0 %, 39 MiB
2026-09-28T02:59:23+08:00,1, 98 %, 10014 MiB
2026-09-28T02:59:53+08:00,0, 0 %, 39 MiB
2026-09-28T02:59:53+08:00,1, 98 %, 10016 MiB
2026-09-28T03:00:23+08:00,0, 0 %, 39 MiB
2026-09-28T03:00:23+08:00,1, 98 %, 10016 MiB
2026-09-28T03:00:53+08:00,0, 0 %, 39 MiB
2026-09-28T03:00:53+08:00,1, 98 %, 10016 MiB
2026-09-28T03:01:23+08:00,0, 0 %, 39 MiB
2026-09-28T03:01:23+08:00,1, 98 %, 10016 MiB
2026-09-28T03:01:53+08:00,0, 0 %, 39 MiB
2026-09-28T03:01:53+08:00,1, 99 %, 10016 MiB
2026-09-28T03:02:23+08:00,0, 0 %, 39 MiB
2026-09-28T03:02:23+08:00,1, 98 %, 10016 MiB
2026-09-28T03:02:53+08:00,0, 0 %, 39 MiB
2026-09-28T03:02:53+08:00,1, 98 %, 10064 MiB
2026-09-28T03:03:23+08:00,0, 0 %, 39 MiB
2026-09-28T03:03:23+08:00,1, 98 %, 10064 MiB
2026-09-28T03:03:53+08:00,0, 0 %, 39 MiB
2026-09-28T03:03:53+08:00,1, 98 %, 10064 MiB
2026-09-28T03:04:23+08:00,0, 0 %, 39 MiB
2026-09-28T03:04:23+08:00,1, 99 %, 10064 MiB
2026-09-28T03:04:53+08:00,0, 0 %, 39 MiB
2026-09-28T03:04:53+08:00,1, 98 %, 10740 MiB
2026-09-28T03:05:23+08:00,0, 0 %, 39 MiB
2026-09-28T03:05:23+08:00,1, 98 %, 11032 MiB
2026-09-28T03:05:53+08:00,0, 0 %, 39 MiB
2026-09-28T03:05:53+08:00,1, 98 %, 11032 MiB
2026-09-28T03:06:23+08:00,0, 0 %, 39 MiB
2026-09-28T03:06:23+08:00,1, 98 %, 11032 MiB
2026-09-28T03:06:53+08:00,0, 0 %, 39 MiB
2026-09-28T03:06:53+08:00,1, 99 %, 11032 MiB
2026-09-28T03:07:23+08:00,0, 0 %, 39 MiB
2026-09-28T03:07:23+08:00,1, 97 %, 11032 MiB
2026-09-28T03:07:53+08:00,0, 0 %, 39 MiB
2026-09-28T03:07:53+08:00,1, 99 %, 11032 MiB
2026-09-28T03:08:23+08:00,0, 0 %, 39 MiB
2026-09-28T03:08:23+08:00,1, 98 %, 11080 MiB
2026-09-28T03:08:53+08:00,0, 0 %, 39 MiB
2026-09-28T03:08:53+08:00,1, 99 %, 11080 MiB
2026-09-28T03:09:24+08:00,0, 0 %, 39 MiB
2026-09-28T03:09:24+08:00,1, 99 %, 11080 MiB
2026-09-28T03:09:54+08:00,0, 0 %, 39 MiB
2026-09-28T03:09:54+08:00,1, 0 %, 9148 MiB
2026-09-28T03:10:24+08:00,0, 0 %, 39 MiB
2026-09-28T03:10:24+08:00,1, 97 %, 10576 MiB
2026-09-28T03:10:54+08:00,0, 0 %, 39 MiB
2026-09-28T03:10:54+08:00,1, 97 %, 10580 MiB
2026-09-28T03:11:24+08:00,0, 0 %, 39 MiB
2026-09-28T03:11:24+08:00,1, 97 %, 10580 MiB
2026-09-28T03:11:54+08:00,0, 0 %, 39 MiB
2026-09-28T03:11:54+08:00,1, 97 %, 10600 MiB
2026-09-28T03:12:24+08:00,0, 0 %, 39 MiB
2026-09-28T03:12:24+08:00,1, 97 %, 10600 MiB
2026-09-28T03:12:54+08:00,0, 0 %, 39 MiB
2026-09-28T03:12:54+08:00,1, 97 %, 10600 MiB
2026-09-28T03:13:24+08:00,0, 0 %, 39 MiB
2026-09-28T03:13:24+08:00,1, 97 %, 10610 MiB
2026-09-28T03:13:54+08:00,0, 0 %, 39 MiB
2026-09-28T03:13:54+08:00,1, 97 %, 10610 MiB
2026-09-28T03:14:24+08:00,0, 0 %, 39 MiB
2026-09-28T03:14:24+08:00,1, 97 %, 10610 MiB
2026-09-28T03:14:54+08:00,0, 0 %, 39 MiB
2026-09-28T03:14:54+08:00,1, 92 %, 10728 MiB
2026-09-28T03:15:24+08:00,0, 0 %, 39 MiB
2026-09-28T03:15:24+08:00,1, 94 %, 5840 MiB
2026-09-28T03:15:54+08:00,0, 0 %, 39 MiB
2026-09-28T03:15:54+08:00,1, 99 %, 9576 MiB
2026-09-28T03:16:24+08:00,0, 0 %, 39 MiB
2026-09-28T03:16:24+08:00,1, 98 %, 9598 MiB
2026-09-28T03:16:54+08:00,0, 0 %, 39 MiB
2026-09-28T03:16:54+08:00,1, 97 %, 10580 MiB
2026-09-28T03:17:24+08:00,0, 0 %, 39 MiB
2026-09-28T03:17:24+08:00,1, 98 %, 10602 MiB
2026-09-28T03:17:54+08:00,0, 0 %, 39 MiB
2026-09-28T03:17:54+08:00,1, 26 %, 10222 MiB
2026-09-28T03:18:24+08:00,0, 0 %, 39 MiB
2026-09-28T03:18:24+08:00,1, 94 %, 10728 MiB
2026-09-28T03:18:54+08:00,0, 0 %, 39 MiB
2026-09-28T03:18:54+08:00,1, 0 %, 9236 MiB
2026-09-28T03:19:25+08:00,0, 0 %, 39 MiB
2026-09-28T03:19:25+08:00,1, 97 %, 9682 MiB
2026-09-28T03:19:55+08:00,0, 0 %, 39 MiB
2026-09-28T03:19:55+08:00,1, 97 %, 9682 MiB
2026-09-28T03:20:25+08:00,0, 0 %, 39 MiB
2026-09-28T03:20:25+08:00,1, 97 %, 10538 MiB
2026-09-28T03:20:55+08:00,0, 0 %, 39 MiB
2026-09-28T03:20:55+08:00,1, 98 %, 10602 MiB
2026-09-28T03:21:25+08:00,0, 0 %, 39 MiB
2026-09-28T03:21:25+08:00,1, 98 %, 10622 MiB
2026-09-28T03:21:55+08:00,0, 0 %, 39 MiB
2026-09-28T03:21:55+08:00,1, 94 %, 10728 MiB
2026-09-28T03:22:25+08:00,0, 0 %, 39 MiB
2026-09-28T03:22:25+08:00,1, 95 %, 10752 MiB
2026-09-28T03:22:55+08:00,0, 0 %, 39 MiB
2026-09-28T03:22:55+08:00,1, 97 %, 9576 MiB
2026-09-28T03:23:25+08:00,0, 0 %, 39 MiB
2026-09-28T03:23:25+08:00,1, 98 %, 9578 MiB
2026-09-28T03:23:55+08:00,0, 0 %, 39 MiB
2026-09-28T03:23:55+08:00,1, 97 %, 9618 MiB
2026-09-28T03:24:25+08:00,0, 0 %, 39 MiB
2026-09-28T03:24:25+08:00,1, 99 %, 10564 MiB
2026-09-28T03:24:55+08:00,0, 0 %, 39 MiB
2026-09-28T03:24:55+08:00,1, 98 %, 10584 MiB
2026-09-28T03:25:25+08:00,0, 0 %, 39 MiB
2026-09-28T03:25:25+08:00,1, 98 %, 10584 MiB
2026-09-28T03:25:55+08:00,0, 0 %, 39 MiB
2026-09-28T03:25:55+08:00,1, 97 %, 10450 MiB
2026-09-28T03:26:25+08:00,0, 0 %, 39 MiB
2026-09-28T03:26:25+08:00,1, 98 %, 10450 MiB
2026-09-28T03:26:55+08:00,0, 0 %, 39 MiB
2026-09-28T03:26:55+08:00,1, 98 %, 10450 MiB
2026-09-28T03:27:25+08:00,0, 0 %, 39 MiB
2026-09-28T03:27:25+08:00,1, 97 %, 10450 MiB
2026-09-28T03:27:55+08:00,0, 0 %, 39 MiB
2026-09-28T03:27:55+08:00,1, 97 %, 10458 MiB
2026-09-28T03:28:25+08:00,0, 0 %, 39 MiB
2026-09-28T03:28:25+08:00,1, 98 %, 10458 MiB
2026-09-28T03:28:55+08:00,0, 0 %, 39 MiB
2026-09-28T03:28:55+08:00,1, 92 %, 10578 MiB
2026-09-28T03:29:26+08:00,0, 0 %, 39 MiB
2026-09-28T03:29:26+08:00,1, 98 %, 9548 MiB
2026-09-28T03:29:56+08:00,0, 0 %, 39 MiB
2026-09-28T03:29:56+08:00,1, 98 %, 9554 MiB
2026-09-28T03:30:26+08:00,0, 0 %, 39 MiB
2026-09-28T03:30:26+08:00,1, 98 %, 10560 MiB
2026-09-28T03:30:56+08:00,0, 0 %, 39 MiB
2026-09-28T03:30:56+08:00,1, 0 %, 9148 MiB
2026-09-28T03:31:26+08:00,0, 0 %, 39 MiB
2026-09-28T03:31:26+08:00,1, 94 %, 10584 MiB
2026-09-28T03:31:56+08:00,0, 0 %, 39 MiB
2026-09-28T03:31:56+08:00,1, 98 %, 9530 MiB
2026-09-28T03:32:26+08:00,0, 0 %, 39 MiB
2026-09-28T03:32:26+08:00,1, 98 %, 9536 MiB
2026-09-28T03:32:56+08:00,0, 0 %, 39 MiB
2026-09-28T03:32:56+08:00,1, 97 %, 10558 MiB
2026-09-28T03:33:26+08:00,0, 0 %, 39 MiB
2026-09-28T03:33:26+08:00,1, 0 %, 9148 MiB
2026-09-28T03:33:56+08:00,0, 0 %, 39 MiB
2026-09-28T03:33:56+08:00,1, 94 %, 10608 MiB
2026-09-28T03:34:26+08:00,0, 0 %, 39 MiB
2026-09-28T03:34:26+08:00,1, 98 %, 9558 MiB
2026-09-28T03:34:56+08:00,0, 0 %, 39 MiB
2026-09-28T03:34:56+08:00,1, 98 %, 9558 MiB
2026-09-28T03:35:26+08:00,0, 0 %, 39 MiB
2026-09-28T03:35:26+08:00,1, 97 %, 10548 MiB
2026-09-28T03:35:56+08:00,0, 0 %, 39 MiB
2026-09-28T03:35:56+08:00,1, 99 %, 10560 MiB
2026-09-28T03:36:26+08:00,0, 0 %, 39 MiB
2026-09-28T03:36:26+08:00,1, 98 %, 10976 MiB
2026-09-28T03:36:56+08:00,0, 0 %, 39 MiB
2026-09-28T03:36:56+08:00,1, 98 %, 11216 MiB
2026-09-28T03:37:26+08:00,0, 0 %, 39 MiB
2026-09-28T03:37:26+08:00,1, 98 %, 11228 MiB
2026-09-28T03:37:56+08:00,0, 0 %, 39 MiB
2026-09-28T03:37:56+08:00,1, 97 %, 11228 MiB
2026-09-28T03:38:26+08:00,0, 0 %, 39 MiB
2026-09-28T03:38:26+08:00,1, 98 %, 11228 MiB
2026-09-28T03:38:56+08:00,0, 0 %, 39 MiB
2026-09-28T03:38:56+08:00,1, 97 %, 11228 MiB
2026-09-28T03:39:27+08:00,0, 0 %, 39 MiB
2026-09-28T03:39:27+08:00,1, 98 %, 11228 MiB
2026-09-28T03:39:57+08:00,0, 0 %, 39 MiB
2026-09-28T03:39:57+08:00,1, 97 %, 11228 MiB
2026-09-28T03:40:27+08:00,0, 0 %, 39 MiB
2026-09-28T03:40:27+08:00,1, 98 %, 11228 MiB
2026-09-28T03:40:57+08:00,0, 0 %, 39 MiB
2026-09-28T03:40:57+08:00,1, 97 %, 11228 MiB
2026-09-28T03:41:27+08:00,0, 0 %, 39 MiB
2026-09-28T03:41:27+08:00,1, 96 %, 11286 MiB
2026-09-28T03:41:57+08:00,0, 0 %, 39 MiB
2026-09-28T03:41:57+08:00,1, 95 %, 11288 MiB
2026-09-28T03:42:27+08:00,0, 0 %, 39 MiB
2026-09-28T03:42:27+08:00,1, 99 %, 9870 MiB
2026-09-28T03:42:57+08:00,0, 0 %, 39 MiB
2026-09-28T03:42:57+08:00,1, 98 %, 10052 MiB
2026-09-28T03:43:27+08:00,0, 0 %, 39 MiB
2026-09-28T03:43:27+08:00,1, 99 %, 10056 MiB
2026-09-28T03:43:57+08:00,0, 0 %, 39 MiB
2026-09-28T03:43:57+08:00,1, 98 %, 11058 MiB
2026-09-28T03:44:27+08:00,0, 0 %, 39 MiB
2026-09-28T03:44:27+08:00,1, 99 %, 11058 MiB
2026-09-28T03:44:57+08:00,0, 0 %, 39 MiB
2026-09-28T03:44:57+08:00,1, 98 %, 11094 MiB
2026-09-28T03:45:27+08:00,0, 0 %, 39 MiB
2026-09-28T03:45:27+08:00,1, 95 %, 11282 MiB
2026-09-28T03:45:57+08:00,0, 0 %, 39 MiB
2026-09-28T03:45:57+08:00,1, 99 %, 9908 MiB
2026-09-28T03:46:27+08:00,0, 0 %, 39 MiB
2026-09-28T03:46:27+08:00,1, 99 %, 10052 MiB
2026-09-28T03:46:57+08:00,0, 0 %, 39 MiB
2026-09-28T03:46:57+08:00,1, 98 %, 10054 MiB
2026-09-28T03:47:27+08:00,0, 0 %, 39 MiB
2026-09-28T03:47:27+08:00,1, 98 %, 10880 MiB
2026-09-28T03:47:57+08:00,0, 0 %, 39 MiB
2026-09-28T03:47:57+08:00,1, 99 %, 10920 MiB
2026-09-28T03:48:27+08:00,0, 0 %, 39 MiB
2026-09-28T03:48:27+08:00,1, 98 %, 10962 MiB
2026-09-28T03:48:57+08:00,0, 0 %, 39 MiB
2026-09-28T03:48:57+08:00,1, 95 %, 11354 MiB
2026-09-28T03:49:28+08:00,0, 0 %, 39 MiB
2026-09-28T03:49:28+08:00,1, 97 %, 11360 MiB
2026-09-28T03:49:58+08:00,0, 0 %, 39 MiB
2026-09-28T03:49:58+08:00,1, 98 %, 9910 MiB
2026-09-28T03:50:28+08:00,0, 0 %, 39 MiB
2026-09-28T03:50:28+08:00,1, 99 %, 9954 MiB
2026-09-28T03:50:58+08:00,0, 0 %, 39 MiB
2026-09-28T03:50:58+08:00,1, 98 %, 9956 MiB
2026-09-28T03:51:28+08:00,0, 0 %, 39 MiB
2026-09-28T03:51:28+08:00,1, 5 %, 10416 MiB
2026-09-28T03:51:58+08:00,0, 0 %, 39 MiB
2026-09-28T03:51:58+08:00,1, 99 %, 11102 MiB
2026-09-28T03:52:28+08:00,0, 0 %, 39 MiB
2026-09-28T03:52:28+08:00,1, 99 %, 11102 MiB
2026-09-28T03:52:58+08:00,0, 0 %, 39 MiB
2026-09-28T03:52:58+08:00,1, 97 %, 10378 MiB
2026-09-28T03:53:28+08:00,0, 0 %, 39 MiB
2026-09-28T03:53:28+08:00,1, 98 %, 10830 MiB
2026-09-28T03:53:58+08:00,0, 0 %, 39 MiB
2026-09-28T03:53:58+08:00,1, 97 %, 11110 MiB
2026-09-28T03:54:28+08:00,0, 0 %, 39 MiB
2026-09-28T03:54:28+08:00,1, 98 %, 11120 MiB
2026-09-28T03:54:58+08:00,0, 0 %, 39 MiB
2026-09-28T03:54:58+08:00,1, 97 %, 11148 MiB
2026-09-28T03:55:28+08:00,0, 0 %, 39 MiB
2026-09-28T03:55:28+08:00,1, 97 %, 11148 MiB
2026-09-28T03:55:58+08:00,0, 0 %, 39 MiB
2026-09-28T03:55:58+08:00,1, 97 %, 11202 MiB
2026-09-28T03:56:28+08:00,0, 0 %, 39 MiB
2026-09-28T03:56:28+08:00,1, 97 %, 11202 MiB
2026-09-28T03:56:58+08:00,0, 0 %, 39 MiB
2026-09-28T03:56:58+08:00,1, 98 %, 11202 MiB
2026-09-28T03:57:28+08:00,0, 0 %, 39 MiB
2026-09-28T03:57:28+08:00,1, 98 %, 11236 MiB
2026-09-28T03:57:58+08:00,0, 0 %, 39 MiB
2026-09-28T03:57:58+08:00,1, 97 %, 11236 MiB
2026-09-28T03:58:28+08:00,0, 0 %, 39 MiB
2026-09-28T03:58:28+08:00,1, 97 %, 11240 MiB
2026-09-28T03:58:58+08:00,0, 0 %, 39 MiB
2026-09-28T03:58:58+08:00,1, 98 %, 11240 MiB
2026-09-28T03:59:28+08:00,0, 0 %, 39 MiB
2026-09-28T03:59:28+08:00,1, 98 %, 11240 MiB
2026-09-28T03:59:59+08:00,0, 0 %, 39 MiB
2026-09-28T03:59:59+08:00,1, 97 %, 11240 MiB
2026-09-28T04:00:29+08:00,0, 0 %, 39 MiB
2026-09-28T04:00:29+08:00,1, 98 %, 11240 MiB
2026-09-28T04:00:59+08:00,0, 0 %, 39 MiB
2026-09-28T04:00:59+08:00,1, 97 %, 11278 MiB
2026-09-28T04:01:29+08:00,0, 0 %, 39 MiB
2026-09-28T04:01:29+08:00,1, 98 %, 11278 MiB
2026-09-28T04:01:59+08:00,0, 0 %, 39 MiB
2026-09-28T04:01:59+08:00,1, 97 %, 11296 MiB
2026-09-28T04:02:29+08:00,0, 0 %, 39 MiB
2026-09-28T04:02:29+08:00,1, 97 %, 11296 MiB
2026-09-28T04:02:59+08:00,0, 0 %, 39 MiB
2026-09-28T04:02:59+08:00,1, 98 %, 11296 MiB
2026-09-28T04:03:29+08:00,0, 0 %, 39 MiB
2026-09-28T04:03:29+08:00,1, 97 %, 11296 MiB
2026-09-28T04:03:59+08:00,0, 0 %, 39 MiB
2026-09-28T04:03:59+08:00,1, 94 %, 11334 MiB
2026-09-28T04:04:29+08:00,0, 0 %, 39 MiB
2026-09-28T04:04:29+08:00,1, 95 %, 11336 MiB
2026-09-28T04:04:59+08:00,0, 0 %, 39 MiB
2026-09-28T04:04:59+08:00,1, 95 %, 11336 MiB
2026-09-28T04:05:29+08:00,0, 0 %, 39 MiB
2026-09-28T04:05:29+08:00,1, 95 %, 11376 MiB
2026-09-28T04:05:59+08:00,0, 0 %, 39 MiB
2026-09-28T04:05:59+08:00,1, 95 %, 11376 MiB
2026-09-28T04:06:29+08:00,0, 0 %, 39 MiB
2026-09-28T04:06:29+08:00,1, 95 %, 11390 MiB
2026-09-28T04:06:59+08:00,0, 0 %, 39 MiB
2026-09-28T04:06:59+08:00,1, 85 %, 9412 MiB
2026-09-28T04:07:29+08:00,0, 0 %, 39 MiB
2026-09-28T04:07:29+08:00,1, 99 %, 10010 MiB
2026-09-28T04:07:59+08:00,0, 0 %, 39 MiB
2026-09-28T04:07:59+08:00,1, 98 %, 10062 MiB
2026-09-28T04:08:29+08:00,0, 0 %, 39 MiB
2026-09-28T04:08:29+08:00,1, 98 %, 10062 MiB
2026-09-28T04:08:59+08:00,0, 0 %, 39 MiB
2026-09-28T04:08:59+08:00,1, 99 %, 10062 MiB
2026-09-28T04:09:29+08:00,0, 0 %, 39 MiB
2026-09-28T04:09:29+08:00,1, 96 %, 10086 MiB
2026-09-28T04:10:00+08:00,0, 0 %, 39 MiB
2026-09-28T04:10:00+08:00,1, 99 %, 10086 MiB
2026-09-28T04:10:30+08:00,0, 0 %, 39 MiB
2026-09-28T04:10:30+08:00,1, 98 %, 10086 MiB
2026-09-28T04:11:00+08:00,0, 0 %, 39 MiB
2026-09-28T04:11:00+08:00,1, 99 %, 10178 MiB
2026-09-28T04:11:30+08:00,0, 0 %, 39 MiB
2026-09-28T04:11:30+08:00,1, 98 %, 10178 MiB
2026-09-28T04:12:00+08:00,0, 0 %, 39 MiB
2026-09-28T04:12:00+08:00,1, 98 %, 10622 MiB
2026-09-28T04:12:30+08:00,0, 0 %, 39 MiB
2026-09-28T04:12:30+08:00,1, 98 %, 11018 MiB
2026-09-28T04:13:00+08:00,0, 0 %, 39 MiB
2026-09-28T04:13:00+08:00,1, 98 %, 11048 MiB
2026-09-28T04:13:30+08:00,0, 0 %, 39 MiB
2026-09-28T04:13:30+08:00,1, 99 %, 11048 MiB
2026-09-28T04:14:00+08:00,0, 0 %, 39 MiB
2026-09-28T04:14:00+08:00,1, 98 %, 11048 MiB
2026-09-28T04:14:30+08:00,0, 0 %, 39 MiB
2026-09-28T04:14:30+08:00,1, 98 %, 11072 MiB
2026-09-28T04:15:00+08:00,0, 0 %, 39 MiB
2026-09-28T04:15:00+08:00,1, 98 %, 11072 MiB
2026-09-28T04:15:30+08:00,0, 0 %, 39 MiB
2026-09-28T04:15:30+08:00,1, 99 %, 11072 MiB
2026-09-28T04:16:00+08:00,0, 0 %, 39 MiB
2026-09-28T04:16:00+08:00,1, 98 %, 11164 MiB
2026-09-28T04:16:30+08:00,0, 0 %, 39 MiB
2026-09-28T04:16:30+08:00,1, 94 %, 10660 MiB
2026-09-28T04:17:00+08:00,0, 0 %, 39 MiB
2026-09-28T04:17:00+08:00,1, 96 %, 11230 MiB
2026-09-28T04:17:30+08:00,0, 0 %, 39 MiB
2026-09-28T04:17:30+08:00,1, 97 %, 11302 MiB
2026-09-28T04:18:00+08:00,0, 0 %, 39 MiB
2026-09-28T04:18:00+08:00,1, 95 %, 11314 MiB
2026-09-28T04:18:30+08:00,0, 0 %, 39 MiB
2026-09-28T04:18:30+08:00,1, 94 %, 11324 MiB
2026-09-28T04:19:00+08:00,0, 0 %, 39 MiB
2026-09-28T04:19:00+08:00,1, 93 %, 11354 MiB
2026-09-28T04:19:30+08:00,0, 0 %, 39 MiB
2026-09-28T04:19:30+08:00,1, 95 %, 11670 MiB
2026-09-28T04:20:00+08:00,0, 0 %, 39 MiB
2026-09-28T04:20:00+08:00,1, 98 %, 9410 MiB
2026-09-28T04:20:31+08:00,0, 0 %, 39 MiB
2026-09-28T04:20:31+08:00,1, 98 %, 9840 MiB
2026-09-28T04:21:01+08:00,0, 0 %, 39 MiB
2026-09-28T04:21:01+08:00,1, 99 %, 10020 MiB
2026-09-28T04:21:31+08:00,0, 0 %, 39 MiB
2026-09-28T04:21:31+08:00,1, 98 %, 10098 MiB
2026-09-28T04:22:01+08:00,0, 0 %, 39 MiB
2026-09-28T04:22:01+08:00,1, 98 %, 10098 MiB
2026-09-28T04:22:31+08:00,0, 0 %, 39 MiB
2026-09-28T04:22:31+08:00,1, 97 %, 10098 MiB
2026-09-28T04:23:01+08:00,0, 0 %, 39 MiB
2026-09-28T04:23:01+08:00,1, 98 %, 10098 MiB
2026-09-28T04:23:31+08:00,0, 0 %, 39 MiB
2026-09-28T04:23:31+08:00,1, 98 %, 10098 MiB
2026-09-28T04:24:01+08:00,0, 0 %, 39 MiB
2026-09-28T04:24:01+08:00,1, 99 %, 10098 MiB
2026-09-28T04:24:31+08:00,0, 0 %, 39 MiB
2026-09-28T04:24:31+08:00,1, 98 %, 10098 MiB
2026-09-28T04:25:01+08:00,0, 0 %, 39 MiB
2026-09-28T04:25:01+08:00,1, 99 %, 10130 MiB
2026-09-28T04:25:31+08:00,0, 0 %, 39 MiB
2026-09-28T04:25:31+08:00,1, 99 %, 10560 MiB
2026-09-28T04:26:01+08:00,0, 0 %, 39 MiB
2026-09-28T04:26:01+08:00,1, 99 %, 11038 MiB
2026-09-28T04:26:31+08:00,0, 0 %, 39 MiB
2026-09-28T04:26:31+08:00,1, 98 %, 11038 MiB
2026-09-28T04:27:01+08:00,0, 0 %, 39 MiB
2026-09-28T04:27:01+08:00,1, 98 %, 11066 MiB
2026-09-28T04:27:31+08:00,0, 0 %, 39 MiB
2026-09-28T04:27:31+08:00,1, 99 %, 11066 MiB
2026-09-28T04:28:01+08:00,0, 0 %, 39 MiB
2026-09-28T04:28:01+08:00,1, 99 %, 11158 MiB
2026-09-28T04:28:31+08:00,0, 0 %, 39 MiB
2026-09-28T04:28:31+08:00,1, 98 %, 11158 MiB
2026-09-28T04:29:01+08:00,0, 0 %, 39 MiB
2026-09-28T04:29:01+08:00,1, 98 %, 11158 MiB
2026-09-28T04:29:31+08:00,0, 0 %, 39 MiB
2026-09-28T04:29:31+08:00,1, 97 %, 11158 MiB
2026-09-28T04:30:01+08:00,0, 0 %, 39 MiB
2026-09-28T04:30:01+08:00,1, 98 %, 11158 MiB
2026-09-28T04:30:32+08:00,0, 0 %, 39 MiB
2026-09-28T04:30:32+08:00,1, 96 %, 10882 MiB
2026-09-28T04:31:02+08:00,0, 0 %, 39 MiB
2026-09-28T04:31:02+08:00,1, 95 %, 11542 MiB
2026-09-28T04:31:32+08:00,0, 0 %, 39 MiB
2026-09-28T04:31:32+08:00,1, 95 %, 11542 MiB
2026-09-28T04:32:02+08:00,0, 0 %, 39 MiB
2026-09-28T04:32:02+08:00,1, 95 %, 11542 MiB
2026-09-28T04:32:32+08:00,0, 0 %, 39 MiB
2026-09-28T04:32:32+08:00,1, 96 %, 11542 MiB
2026-09-28T04:33:02+08:00,0, 0 %, 39 MiB
2026-09-28T04:33:02+08:00,1, 94 %, 11542 MiB
2026-09-28T04:33:32+08:00,0, 0 %, 39 MiB
2026-09-28T04:33:32+08:00,1, 95 %, 11542 MiB
2026-09-28T04:34:02+08:00,0, 0 %, 39 MiB
2026-09-28T04:34:02+08:00,1, 94 %, 11782 MiB
2026-09-28T04:34:32+08:00,0, 0 %, 39 MiB
2026-09-28T04:34:32+08:00,1, 98 %, 9516 MiB
2026-09-28T04:35:02+08:00,0, 0 %, 39 MiB
2026-09-28T04:35:02+08:00,1, 99 %, 9854 MiB
2026-09-28T04:35:32+08:00,0, 0 %, 39 MiB
2026-09-28T04:35:32+08:00,1, 98 %, 9946 MiB
2026-09-28T04:36:02+08:00,0, 0 %, 39 MiB
2026-09-28T04:36:02+08:00,1, 98 %, 9974 MiB
2026-09-28T04:36:32+08:00,0, 0 %, 39 MiB
2026-09-28T04:36:32+08:00,1, 98 %, 10028 MiB
2026-09-28T04:37:02+08:00,0, 0 %, 39 MiB
2026-09-28T04:37:02+08:00,1, 98 %, 10028 MiB
2026-09-28T04:37:32+08:00,0, 0 %, 39 MiB
2026-09-28T04:37:32+08:00,1, 98 %, 10028 MiB
2026-09-28T04:38:02+08:00,0, 0 %, 39 MiB
2026-09-28T04:38:02+08:00,1, 98 %, 10028 MiB
2026-09-28T04:38:32+08:00,0, 0 %, 39 MiB
2026-09-28T04:38:32+08:00,1, 99 %, 10028 MiB
2026-09-28T04:39:02+08:00,0, 0 %, 39 MiB
2026-09-28T04:39:02+08:00,1, 98 %, 10028 MiB
2026-09-28T04:39:32+08:00,0, 0 %, 39 MiB
2026-09-28T04:39:32+08:00,1, 98 %, 10028 MiB
2026-09-28T04:40:02+08:00,0, 0 %, 39 MiB
2026-09-28T04:40:02+08:00,1, 98 %, 10028 MiB
2026-09-28T04:40:33+08:00,0, 0 %, 39 MiB
2026-09-28T04:40:33+08:00,1, 98 %, 10028 MiB
2026-09-28T04:41:03+08:00,0, 0 %, 39 MiB
2026-09-28T04:41:03+08:00,1, 97 %, 2824 MiB
2026-09-28T04:41:33+08:00,0, 0 %, 39 MiB
2026-09-28T04:41:33+08:00,1, 99 %, 10828 MiB
2026-09-28T04:42:03+08:00,0, 0 %, 39 MiB
2026-09-28T04:42:03+08:00,1, 98 %, 11004 MiB
2026-09-28T04:42:33+08:00,0, 0 %, 39 MiB
2026-09-28T04:42:33+08:00,1, 98 %, 11030 MiB
2026-09-28T04:43:03+08:00,0, 0 %, 39 MiB
2026-09-28T04:43:03+08:00,1, 98 %, 11030 MiB
2026-09-28T04:43:33+08:00,0, 0 %, 39 MiB
2026-09-28T04:43:33+08:00,1, 98 %, 11058 MiB
2026-09-28T04:44:03+08:00,0, 0 %, 39 MiB
2026-09-28T04:44:03+08:00,1, 98 %, 11058 MiB
2026-09-28T04:44:33+08:00,0, 0 %, 39 MiB
2026-09-28T04:44:33+08:00,1, 98 %, 11058 MiB
2026-09-28T04:45:03+08:00,0, 0 %, 39 MiB
2026-09-28T04:45:03+08:00,1, 99 %, 11058 MiB
2026-09-28T04:45:33+08:00,0, 0 %, 39 MiB
2026-09-28T04:45:33+08:00,1, 98 %, 11090 MiB
2026-09-28T04:46:03+08:00,0, 0 %, 39 MiB
2026-09-28T04:46:03+08:00,1, 98 %, 11090 MiB
2026-09-28T04:46:33+08:00,0, 0 %, 39 MiB
2026-09-28T04:46:33+08:00,1, 98 %, 11090 MiB
2026-09-28T04:47:03+08:00,0, 0 %, 39 MiB
2026-09-28T04:47:03+08:00,1, 97 %, 10490 MiB
2026-09-28T04:47:33+08:00,0, 0 %, 39 MiB
2026-09-28T04:47:33+08:00,1, 98 %, 10490 MiB
2026-09-28T04:48:03+08:00,0, 0 %, 39 MiB
2026-09-28T04:48:03+08:00,1, 97 %, 10490 MiB
2026-09-28T04:48:33+08:00,0, 0 %, 39 MiB
2026-09-28T04:48:33+08:00,1, 98 %, 10492 MiB
2026-09-28T04:49:03+08:00,0, 0 %, 39 MiB
2026-09-28T04:49:03+08:00,1, 97 %, 10498 MiB
2026-09-28T04:49:33+08:00,0, 0 %, 39 MiB
2026-09-28T04:49:33+08:00,1, 98 %, 10498 MiB
2026-09-28T04:50:03+08:00,0, 0 %, 39 MiB
2026-09-28T04:50:03+08:00,1, 98 %, 10498 MiB
2026-09-28T04:50:34+08:00,0, 0 %, 39 MiB
2026-09-28T04:50:34+08:00,1, 94 %, 10616 MiB
2026-09-28T04:51:04+08:00,0, 0 %, 39 MiB
2026-09-28T04:51:04+08:00,1, 94 %, 10622 MiB
2026-09-28T04:51:34+08:00,0, 0 %, 39 MiB
2026-09-28T04:51:34+08:00,1, 0 %, 9148 MiB
2026-09-28T04:52:04+08:00,0, 0 %, 39 MiB
2026-09-28T04:52:04+08:00,1, 97 %, 9598 MiB
2026-09-28T04:52:34+08:00,0, 0 %, 39 MiB
2026-09-28T04:52:34+08:00,1, 98 %, 9618 MiB
2026-09-28T04:53:04+08:00,0, 0 %, 39 MiB
2026-09-28T04:53:04+08:00,1, 98 %, 9618 MiB
2026-09-28T04:53:34+08:00,0, 0 %, 39 MiB
2026-09-28T04:53:34+08:00,1, 98 %, 10602 MiB
2026-09-28T04:54:04+08:00,0, 0 %, 39 MiB
2026-09-28T04:54:04+08:00,1, 97 %, 10602 MiB
2026-09-28T04:54:34+08:00,0, 0 %, 39 MiB
2026-09-28T04:54:34+08:00,1, 98 %, 10622 MiB
2026-09-28T04:55:04+08:00,0, 0 %, 39 MiB
2026-09-28T04:55:04+08:00,1, 95 %, 10672 MiB
2026-09-28T04:55:34+08:00,0, 0 %, 39 MiB
2026-09-28T04:55:34+08:00,1, 95 %, 10696 MiB
2026-09-28T04:56:04+08:00,0, 0 %, 39 MiB
2026-09-28T04:56:04+08:00,1, 94 %, 10710 MiB
2026-09-28T04:56:34+08:00,0, 0 %, 39 MiB
2026-09-28T04:56:34+08:00,1, 98 %, 9574 MiB
2026-09-28T04:57:04+08:00,0, 0 %, 39 MiB
2026-09-28T04:57:04+08:00,1, 97 %, 9578 MiB
2026-09-28T04:57:34+08:00,0, 0 %, 39 MiB
2026-09-28T04:57:34+08:00,1, 98 %, 9618 MiB
2026-09-28T04:58:04+08:00,0, 0 %, 39 MiB
2026-09-28T04:58:04+08:00,1, 98 %, 9618 MiB
2026-09-28T04:58:34+08:00,0, 0 %, 39 MiB
2026-09-28T04:58:34+08:00,1, 98 %, 10640 MiB
2026-09-28T04:59:04+08:00,0, 0 %, 39 MiB
2026-09-28T04:59:04+08:00,1, 98 %, 10642 MiB
2026-09-28T04:59:34+08:00,0, 0 %, 39 MiB
2026-09-28T04:59:34+08:00,1, 99 %, 10642 MiB
2026-09-28T05:00:04+08:00,0, 0 %, 39 MiB
2026-09-28T05:00:04+08:00,1, 0 %, 10222 MiB
2026-09-28T05:00:34+08:00,0, 0 %, 39 MiB
2026-09-28T05:00:34+08:00,1, 93 %, 10678 MiB
2026-09-28T05:01:05+08:00,0, 0 %, 39 MiB
2026-09-28T05:01:05+08:00,1, 96 %, 10694 MiB
2026-09-28T05:01:35+08:00,0, 0 %, 39 MiB
2026-09-28T05:01:35+08:00,1, 97 %, 9576 MiB
2026-09-28T05:02:05+08:00,0, 0 %, 39 MiB
2026-09-28T05:02:05+08:00,1, 98 %, 9638 MiB
2026-09-28T05:02:35+08:00,0, 0 %, 39 MiB
2026-09-28T05:02:35+08:00,1, 98 %, 9638 MiB
2026-09-28T05:03:05+08:00,0, 0 %, 39 MiB
2026-09-28T05:03:05+08:00,1, 97 %, 9658 MiB
2026-09-28T05:03:35+08:00,0, 0 %, 39 MiB
2026-09-28T05:03:35+08:00,1, 98 %, 9658 MiB
2026-09-28T05:04:06+08:00,0, 0 %, 39 MiB
2026-09-28T05:04:06+08:00,1, 98 %, 10600 MiB
2026-09-28T05:04:36+08:00,0, 0 %, 39 MiB
2026-09-28T05:04:36+08:00,1, 98 %, 10602 MiB
2026-09-28T05:05:06+08:00,0, 0 %, 39 MiB
2026-09-28T05:05:06+08:00,1, 99 %, 10642 MiB
